"Country","Country.Code","Regional.Code","Region","Continent","Income.Group","Poverty.Headcount","Poverty.Gap","Poverty.Severity","HDI","RealGDP","GDP.Growth","GDP.Capita","Trade.Open","Gov.Expense","Health.Exp","Education.Exp","Population.Growth","Population.Density","Population","Governance","Corruption","Govt.Effectiveness","Political.Stability","Regulatory","RuleofLaw","Voice.Accountability","Econ.Freedom","Govt.Size","Legal.Property","Sound.Money","Trade.Free","Regulation","Area","Landlocked","Lat","Lon"
"Albania","ALB","ECA","Europe & Central Asia","Europe","Upper middle income",0.00468308324705,0.00077560593575,0.0002167207884,0.75955,10219894574.7982,3.94671465114763,3507.67004859991,73.5567043288348,9.64649805929901,6.2796919575,3.36680610179901,-0.42164443983159,106.991082116788,2931555.65,-0.234372257530534,-0.664978347718716,-0.286244238074869,-0.0523793780244887,0.0508125808089972,-0.532818233966828,0.0793740717926993,7.333,8.074,5.172,9.2405,7.6675,6.5065,28748,0,41.33333,19.81667
"Algeria","DZA","MENA","Middle East & North Africa","Africa","Lower middle income",0.000378004722545455,2.20259422727273e-05,1.71690590909091e-06,0.732727272727273,186624739297.763,1.93636363634585,4643.54714239822,53.3864293744801,12.0595239726709,6.07241331454545,5.98711065812544,1.88010444456422,16.8658919667878,40170180.7272727,-0.862048974542907,-0.615267360752279,-0.501401264559139,-1.06019474159588,-1.22139383987947,-0.833102323792197,-0.940934316678481,4.83,4.08909090909091,3.85545454545455,7.29272727272727,4.02090909090909,4.88454545454545,2381741,0,36.83333,3
"Angola","AGO","SSA","Sub-Saharan Africa","Africa","Lower middle income",0.2375609575026,0.0858806105175333,0.0433791557038,0.553066666666667,78700019371.8644,3.02589200833149,2914.85650918447,81.2561956985821,5.53660475408541,2.77608809466667,2.76051665941874,3.57095959614572,21.7779404828748,27150558.4,-0.999025391870075,-1.26412997643153,-1.09511245091756,-0.44836490948995,-0.970382197697958,-1.15125143527984,-1.0649113814036,4.73866666666667,6.77533333333333,2.882,4.34266666666667,5.29133333333333,4.40133333333333,1246700,0,-8.833333,13.25
"Armenia","ARM","ECA","Europe & Central Asia","Asia","Upper middle income",0.0144672623195,0.00270196074838889,0.000860250247055556,0.749055555555556,9849441511.67126,4.85555555551091,3394.58077135422,72.7285909956421,11.8656972646713,9.05555555555556,2.81014170911577,-0.55483272350439,102.49128907622,2917927,-0.265433614405252,-0.537456306525402,-0.193449818425708,-0.227419688806145,0.23114565677113,-0.348236366278595,-0.517185163166788,7.42166666666667,8.29277777777778,5.48555555555556,8.84111111111111,7.75666666666667,6.725,29800,1,40.18333,44.5
"Australia","AUS","EAP","East Asia & Pacific","Pacific","High income",0.00520953333242857,0.00385550555604762,0.003081875536,0.924857142857143,1218981132531.94,2.77664714962027,54051.5642080411,41.7797211647131,14.3370671043109,8.96928775857143,5.36777934573945,1.42178345613571,2.91532837035825,22405478.2380952,1.56499668766582,1.87696825890314,1.66279204686483,0.95978722969691,1.74958611102331,1.74032371384757,1.40052276565915,8.22714285714286,6.78380952380952,8.61095238095238,9.31714285714286,8.09380952380952,8.33,7686848,0,-33.88334,151.1667
"Austria","AUT","ECA","Europe & Central Asia","Europe","High income",0.00405145553266667,0.00287529560266667,0.00232277139547619,0.901714285714286,367349836552.798,1.36645953768633,43323.9767010371,99.1991444745292,15.5722662398929,10.1447619047619,5.42750433513096,0.52376884333728,102.615781455578,8467854.28571429,1.5220326369717,1.65610345772334,1.66126567409152,1.10295216526304,1.49160822232564,1.83597561291286,1.3842906895138,7.88333333333333,5.53380952380952,8.42142857142857,9.34047619047619,8.64142857142857,7.47666666666667,83858,1,48.21667,16.36667
"Azerbaijan","AZE","ECA","Europe & Central Asia","Asia","Upper middle income",0,0,0,0.730888888888889,44783367199.6752,7.56420001748499,4766.1708026736,86.6684954230815,6.21924166679382,3.35555555555556,2.86368611123827,1.15545562227966,112.523383469614,9300335.11111111,-0.788311193869622,-1.0401752491792,-0.474688735273149,-0.686685889131493,-0.384191404200262,-0.763601746824053,-1.38052413860957,5.88055555555556,5.19166666666667,4.75388888888889,6.75833333333333,6.62944444444444,6.06388888888889,86600,1,40.36666,49.88334
"Bangladesh","BGD","SA","South Asia","Asia","Lower middle income",0.177192293499,0.0336400848334737,0.00970462584173684,0.574315789473684,169481184960.502,6.04209649119143,1095.66797853394,35.8643948624987,4.17960947453136,2.20060411894737,1.97900535558399,1.28506314787906,1162.52753807773,151326209.631579,-0.891093780597051,-1.08902901097348,-0.76358384521384,-1.22300972750312,-0.932089626789093,-0.813840524146432,-0.525009948956339,5.78263157894737,8.51368421052632,2.59368421052632,6.25315789473684,5.91,5.64,143998,0,23.7,90.36667
"Belarus","BLR","ECA","Europe & Central Asia","Europe","Upper middle income",0,0,0,0.807166666666667,57901382919.7128,1.06126673294588,6153.27466961409,130.628198432677,10.9351983133952,6.00666666666667,4.92853164672852,-0.281563335699315,46.3680931426548,9411574.66666667,-0.669800120677489,-0.167443013206745,-0.496148484448592,-0.144165312250455,-0.861185173193613,-0.933159609635672,-1.41669913132985,6.04,6.33666666666667,4.44333333333333,7.22,6.36833333333333,5.835,207595,0,53.85,27.5
"Belgium","BEL","ECA","Europe & Central Asia","Europe","High income",0.00137870574547619,0.000922395569809524,0.000734662781285714,0.914190476190476,437313940516.609,1.6633676358032,39862.1645622666,153.195176473359,16.2329874958116,10.0359788633333,6.19700863247826,0.578096770514197,361.657704283827,10950995.2857143,1.28797209523027,1.44479771455129,1.53529075213841,0.742706337145396,1.28560188270751,1.36113772505806,1.35829815978096,7.61476190476191,4.83952380952381,7.37904761904762,9.37,8.78666666666667,7.69809523809524,33114,0,50.83333,4.35
"Belize","BLZ","LAC","Latin America & Caribbean","America","Upper middle income",0.197442011340118,0.0859629523724118,0.0520518146208235,0.707588235294118,1979800061.21559,2.85689617282397,5872.46281988962,99.3157604116642,9.60814306357429,4.45098424,5.15715882357429,2.29888677768377,14.8286097428888,338240.588235294,-0.0900671145554594,-0.155302339288242,-0.319467889035449,0.169899539679618,-0.367565963198157,-0.513815882232259,0.645849846741733,6.24352941176471,6.58882352941176,4.06176470588235,7.20941176470588,6.19705882352941,7.16529411764706,22963,0,17.21667,-88.8
"Benin","BEN","SSA","Sub-Saharan Africa","Africa","Lower middle income",0.455530617092381,0.164608463768905,0.0817509073763333,0.478428571428571,10112853713.8896,4.57275489799779,1010.57504149116,50.5969396727284,5.86577326893081,2.88925748761905,2.97651578131176,2.94925266047076,87.4309093059005,9858709.33333333,-0.288285036674804,-0.564445057795161,-0.539166779035614,0.218709122833042,-0.489509859964961,-0.555081407938685,0.199783761852554,5.8652380952381,7.54714285714286,3.45047619047619,6.73666666666667,5.79761904761905,5.78619047619048,112622,0,6.4,2.517
"Bhutan","BTN","SA","South Asia","Asia","Lower middle income",0.00877314566422222,0.001401742723,0.000386901502333333,0.644222222222222,2316672197.58106,3.25698744485777,3064.69852651366,81.8289115297123,9.34395800513468,3.66603369,5.67792431513468,0.835837898058126,19.7958507172563,754883.222222222,0.451613902028099,1.34627242883047,0.414568692445755,0.997295611434513,-0.593310856156879,0.525294250912136,0.0195632847025992,6.71111111111111,7.06444444444444,6.43111111111111,6.45555555555556,6.49555555555556,7.10666666666667,46620,1,27.53333,89.75
"Bolivia","BOL","LAC","Latin America & Caribbean","America","Lower middle income",0.07671674491455,0.03574912071055,0.0218830731488,0.66795,27945304216.7135,3.82491641953421,2627.71981429511,66.8512390929704,13.0943965911594,5.7909140825,7.30348250865936,1.61450712803481,9.68223894581371,10488769.45,-0.59562092688672,-0.685192376375198,-0.558316111564636,-0.506711304187775,-0.801390665397048,-0.980093613266946,-0.042021490528714,6.1665,6.2375,3.883,8.798,6.9265,4.987,1098581,1,-16.5,-68.16666
"Bosnia and Herzegovina","BIH","ECA","Europe & Central Asia","Europe","Upper middle income",0.000589865052,0.00017496163225,5.6515772125e-05,0.768875,17619579504.7553,2.88058345199098,5163.89186501228,91.9099472195661,12.7711609768867,9.205,3.56616097688675,-1.25901458069773,66.8129760742188,3420824.375,-0.36200906514811,-0.539615083485842,-0.701351378113032,-0.359059988986701,-0.133870108984411,-0.232139714062214,-0.206018117256462,6.7425,6.55125,4.53625,8.09375,7.5725,6.945,51233,0,43.86666,18.43333
"Botswana","BWA","SSA","Sub-Saharan Africa","Africa","Upper middle income",0.167271080411538,0.0494450675219231,0.0215972519517692,0.672769230769231,13375762375.2524,1.89455333419831,5919.5667637917,98.0846789277858,14.8065858995487,6.06078815538462,8.7457977441641,1.96074938403899,3.97052958334521,2250218.23076923,0.644261628389359,0.849210110994486,0.396716241653149,1.03405287174078,0.627294531235328,0.486585990740703,0.471710023971704,6.70923076923077,6.06153846153846,6.03846153846154,8.63615384615385,6.73230769230769,6.08461538461538,600372,1,-24.75,25.91667
"Brazil","BRA","LAC","Latin America & Caribbean","America","Upper middle income",0.0650825021565,0.0244465306622,0.0132104090304,0.7279,1638071416105.3,2.36639164907171,8232.84560832831,26.677257784822,14.0274324416097,8.629692912,5.39773952960968,0.931685473237796,23.7156977569172,198219122.05,-0.0686182569945231,-0.197157080378383,-0.222389216907322,-0.223220133362338,0.0150961981154978,-0.223258872143924,0.439219562709331,6.4175,6.646,5.4285,7.674,7.231,5.1085,8511920,0,-23.53,-46.63
"Bulgaria","BGR","ECA","Europe & Central Asia","Europe","Upper middle income",0.0174939613981905,0.00602805151742857,0.00319776520319048,0.785714285714286,47028554923.4443,3.32853923359588,6429.76522435839,111.700859775403,11.1301785001301,7.13428571428571,3.99589278584435,-0.748724083836461,67.8835565243658,7379763.80952381,0.17035762253513,-0.207890542756234,-0.00514001958072187,0.290866829654468,0.588619943175997,-0.107211312545197,0.462900837262472,7.22952380952381,7.03285714285714,5.45,8.56857142857143,8.04571428571429,7.05333333333333,110994,0,42.66667,23.3
"Burkina Faso","BFA","SSA","Sub-Saharan Africa","Africa","Low income",0.408938667283286,0.123118011204643,0.0517701159559286,0.398285714285714,11395191797.4469,5.8739845769983,621.83059119073,54.0301402856399,9.63668441777296,5.22242537571429,4.41425904205867,2.92021917810653,65.8183137531328,18007890.6428571,-0.442614640153589,-0.282116134784051,-0.67498442530632,-0.676910351429666,-0.353756986558437,-0.441827692091465,-0.226092250751598,5.895,6.43285714285714,3.82285714285714,6.56071428571429,6.35071428571429,6.30357142857143,274200,1,12.33333,-1.666667
"Burundi","BDI","SSA","Sub-Saharan Africa","Africa","Low income",0.681194356994389,0.272384053502,0.138208303003056,0.393333333333333,2803544600.45621,2.42309662178201,291.81538873633,32.7249091453328,13.2437093914892,7.97215999444444,5.27154939704471,3.22126063452808,377.296571045344,9688975.94444444,-1.28349914650122,-1.23902064230707,-1.2736159629292,-1.69032133287854,-1.03136228521665,-1.27602749400669,-1.1906471616692,5.25111111111111,6.42444444444444,3.06055555555556,6.91944444444444,4.44166666666667,5.405,27834,1,-3.366667,29.31667
"Cabo Verde","CPV","SSA","Sub-Saharan Africa","Africa","Lower middle income",0.0512788167102727,0.0112153687250909,0.00388190633336364,0.660090909090909,1805248763.77373,3.23908787217961,3263.30528198381,92.7811429127695,9.90672657687477,5.06131484272727,4.8454117341475,1.10471980149997,137.159575907963,552753.090909091,0.518527900248238,0.882304527542808,0.104955462717705,0.779831851070578,-0.0641681122559186,0.46215004270727,0.94609362970699,7.03272727272727,6.86272727272727,6.31909090909091,8.46272727272727,6.87454545454545,6.64636363636364,4033,0,14.91667,-23.5
"Cameroon","CMR","SSA","Sub-Saharan Africa","Africa","Lower middle income",0.27579197789695,0.08409998242355,0.0355593182121,0.5211,28175695739.6157,3.92598284396843,1325.82216564522,45.177966871087,6.43938616002632,3.7176265725,2.72175958752632,2.81162752463089,44.4869306763132,21029417,-0.969508998592694,-1.14305408298969,-0.871644908189774,-0.786253800988198,-0.853222212195396,-1.10531399548054,-1.05756499171257,5.608,7.04,2.757,6.8625,5.716,5.6575,475442,0,3.85,11.51667
"Canada","CAN","NAC","North America","America","High income",0.00259488598111111,0.00106456226166667,0.000487809327611111,0.917555555555556,1479337488265.51,1.90466064700476,42368.163544914,65.8281690609426,15.3346607680044,10.4472592666667,4.88740150133769,1.05601052966038,3.88966863570882,34830415.7222222,1.59443170163367,1.88712545235952,1.75234333674113,1.07108332051171,1.67225467496448,1.7389613588651,1.44482206636005,8.14555555555556,6.57722222222222,8.37222222222222,9.14444444444444,8.40555555555556,8.22777777777778,9976139,0,43.65,-79.38
"Central African Republic","CAF","SSA","Sub-Saharan Africa","Africa","Low income",0.654197886192809,0.324629835237095,0.201163691854381,0.355142857142857,1948333645.60276,1.07657614570559,423.072854822383,41.6146860994777,7.10192006422016,5.43263687285714,1.66928319136302,1.8010307129822,7.43992477019059,4634924.33333333,-1.42724434061656,-1.16902343432109,-1.55537223248255,-1.88362338997069,-1.26891014121828,-1.54612248000644,-1.14041436570031,4.88523809523809,6.41952380952381,1.98380952380952,6.33,4.90857142857143,4.78857142857143,622984,1,4.383333,18.61667
"Chad","TCD","SSA","Sub-Saharan Africa","Africa","Low income",0.355379154743375,0.122448690834125,0.0588375387305,0.3715625,8953574044.03183,5.3619332401566,668.38417347338,75.6965830676004,6.96927237448872,4.63746134875,2.33181102573872,3.4708050354952,10.5537888639612,13289330.9375,-1.32942563667893,-1.41186381876469,-1.40837612375617,-1.33893825858831,-1.11583752557635,-1.36010497808456,-1.34143311530352,5.105625,7.53125,2.22875,6.10875,5.16375,4.4975,1284005,1,12.16667,14.98333
"Chile","CHL","LAC","Latin America & Caribbean","America","High income",0.01939884976275,0.00761019208585,0.004640377761,0.8199,207075735719.094,3.57764022971928,11867.4027146003,65.5056445704594,12.08564777341,7.693119311,4.39252846240997,1.1471156787903,23.2441093322144,17282739.1,1.04658794188872,1.26863938868046,0.995870620012284,0.485113548301161,1.3376218944788,1.13936871290207,1.05291348695755,7.965,7.7085,6.9235,9.032,8.6765,7.4845,756945,0,-33.5,-70.66666
"China","CHN","EAP","East Asia & Pacific","Asia","Upper middle income",0.0767232963452353,0.0198599604089412,0.00717833429252941,0.721294117647059,9803099626184.15,8.52134356722496,7133.767422441,46.6209657117637,8.40256637580871,4.65642375,3.74614262580871,0.505421161505661,145.103137303205,1362258823.52941,-0.483076238844945,-0.382134573424564,0.267520488595919,-0.481594191754566,-0.272622742197093,-0.400874154642224,-1.62875225964714,5.98058823529412,4.80588235294118,4.94941176470588,7.93411764705882,6.76764705882353,5.44470588235294,9572378,0,39.91667,116.4333
"Colombia","COL","LAC","Latin America & Caribbean","America","Upper middle income",0.174969172016,0.104048939725,0.079476360283,0.672,157016818928.93,2.92486148176778,4003.98516870923,32.6670854693067,9.1465034447522,5.63529348,3.5112099647522,1.61983140551157,35.3448715637675,39215135,-0.614993850390116,-0.406262516975403,-0.403075814247131,-1.60896074771881,0.0915148556232452,-0.925037920475006,-0.438140958547592,5.91,5.94,4.54,5.91,6.79,6.37,1141748,0,4.633333,-75.06667
"Comoros","COM","SSA","Sub-Saharan Africa","Africa","Lower middle income",0.1839651218445,0.065426046381,0.031217709317,0.5865,1102225647.50814,0.958319374902742,1354.24715288774,38.0038316710172,8.42662775445831,6.10017538,2.32645237445831,1.90019090438809,437.343095110156,813895.5,-1.08812603975336,-1.2588467001915,-1.72836095094681,-0.257718838751317,-1.26463866233826,-1.26633048057557,-0.752860605716706,5.67,6.455,3.205,6.925,5.68,6.09,1862,0,-11.66667,43.26667
"Congo, Rep.","COG","SSA","Sub-Saharan Africa","Africa","Lower middle income",0.42795697243,0.172824501646929,0.0910208335000714,0.576857142857143,9905468001.0575,2.41041443434257,2129.92217204796,110.891936207623,5.61704857121142,2.31672108285714,3.30032748835427,2.77490789364605,13.7164570173604,4684170.07142857,-1.10046242230705,-1.23077894108636,-1.19719117028373,-0.627608208784035,-1.26042804547719,-1.19061931541988,-1.09614885279111,4.64428571428571,5.36428571428571,2.61,4.96785714285714,5.75714285714286,4.51642857142857,342000,0,-4.233333,15.23333
"Costa Rica","CRI","LAC","Latin America & Caribbean","America","Upper middle income",0.0246429348453,0.01001890130125,0.00603536127845,0.77185,49512052671.5277,3.84134093720495,10489.9118961052,72.6021928029545,13.3770385047344,7.3716735145,6.00536499023437,1.22631627614076,91.3999960830396,4666883.8,0.598835763459404,0.55898824185133,0.281906167417765,0.646491481363774,0.555840471386909,0.491272714734077,1.05851550400257,7.5,7.7705,6.4075,8.431,8.3165,6.573,51076,0,9.983334,-84.06667
"Cote d'Ivoire","CIV","SSA","Sub-Saharan Africa","Africa","Lower middle income",0.286375750377286,0.0937147762857619,0.0448394161800952,0.482,39845544902.2018,3.76658052827066,1789.1348396717,56.1913638607596,7.48227321474787,4.28038130428571,3.20189191046215,2.34870414755817,68.7327870619946,21857026.2857143,-0.952862742756094,-0.830014445952007,-0.973056347597213,-1.38199086416335,-0.665669119074231,-1.0542359039897,-0.81220977576006,5.76380952380952,6.99095238095238,3.62,6.68380952380952,6.03095238095238,5.49380952380952,322463,0,6.82,-5.28
"Croatia","HRV","ECA","Europe & Central Asia","Europe","High income",0.00295486208495238,0.00163308148638095,0.0011485248177619,0.827904761904762,51408603246.9144,2.10001212221653,12187.6091159346,85.0095717783308,11.5799126080104,7.10952380952381,4.47038879848662,-0.537255341570754,75.6043267832793,4230705.14285714,0.369881267585452,0.0885623577272608,0.502765490895226,0.603460731960478,0.377049209816115,0.125315369151178,0.522134445962452,6.79238095238095,5.15047619047619,5.52714285714286,8.78380952380952,7.96,6.54095238095238,56538,0,45.8,15.96667
"Cyprus","CYP","ECA","Europe & Central Asia","Europe","High income",0.000504655824238095,0.00031491713347619,0.000248296964333333,0.859666666666667,20763844367.1297,2.75725210793352,25497.0447358631,127.798479209495,12.5284952708653,6.46904761904762,6.05944765181768,1.2951780965045,121.714950525665,1124646.14285714,0.94818522012423,0.916472439255033,1.16896933317184,0.498599672601337,1.13464541378475,0.951269098690578,1.01915536324183,7.59619047619048,7.29238095238095,6.4947619047619,8.74952380952381,8.46238095238095,6.98,9251,0,35.15,33.35
"Czechia","CZE","ECA","Europe & Central Asia","Europe","High income",0.000227246675142857,8.96081798571429e-05,5.19295169047619e-05,0.869238095238095,174896374428.627,2.56941284782161,16729.0531526177,130.979239487076,11.4352876234,7.1760514352381,4.25923618816194,0.119554007257285,135.124665912521,10435891.6666667,0.891447205392141,0.422440660851342,0.928872077237993,0.945631797824587,1.13232737779617,0.953269172282446,0.966142146360306,7.70571428571429,6.33142857142857,7,9.34095238095238,8.54714285714286,7.31095238095238,78864,1,50.1,14.43333
"Denmark","DNK","ECA","Europe & Central Asia","Europe","High income",0.00181290016780952,0.0010797274852381,0.000827980507857143,0.923380952380952,296432133451.884,1.49105386434495,53011.0232585173,97.8482456221273,17.6251055163429,9.85619047619048,7.76891504015241,0.439035136740388,139.626671428571,5585066.85714286,1.76668415041197,2.31372316678365,2.01041368075779,1.04421702169237,1.74972341174171,1.90659599077134,1.57543163072495,8.15380952380952,4.84190476190476,9.08904761904762,9.58095238095238,8.86190476190476,8.39809523809524,43094,0,55.66667,12.58333
"Dominican Republic","DOM","LAC","Latin America & Caribbean","America","Upper middle income",0.0349298750594667,0.0103782704714,0.00491329099873333,0.7218,65404536310.0394,4.96434828245983,6383.34152444186,58.3777307016442,7.75677027738896,4.66932636933333,3.08744390805562,1.2364300099132,209.291469680488,10074815.0666667,-0.259155194768876,-0.775241452455521,-0.425968036691969,0.0682101756664148,-0.0834897585213184,-0.504120595256488,0.165678498645624,7.09266666666667,8.72866666666667,4.59733333333333,8.22133333333333,7.78933333333333,6.13,48734,0,18.5,-69.78333
"Ecuador","ECU","LAC","Latin America & Caribbean","America","Upper middle income",0.0595555212105714,0.0211595986580714,0.0111410825395714,0.745928571428571,89863653309.5424,2.79279286983898,5582.92753592753,55.402877154105,11.2879166172836,6.95099799928571,4.33691861799785,1.58767476867864,64.3764889101074,15988544.7857143,-0.552928150781164,-0.632859247071403,-0.4612693382161,-0.318959168690656,-0.920763705457959,-0.820558648024287,-0.16315879722658,6.14642857142857,6.75571428571429,4.39571428571429,7.21785714285714,6.71642857142857,5.645,275716,0,-0.2333333,-78.5
"Egypt, Arab Rep.","EGY","MENA","Middle East & North Africa","Africa","Lower middle income",0.0194364447405,0.00270287094785714,0.000632148792857143,0.659285714285714,260599892794.171,4.18003053206096,3033.77574848105,50.6294758617439,8.78396136537371,4.72302654928571,4.06093481608799,2.09774357883278,85.6422397623473,85252567.5714286,-0.641233119250198,-0.59994675219059,-0.471953981689045,-0.968275019100734,-0.427118871893202,-0.283743747784424,-1.09636034284319,5.69642857142857,5.97285714285714,3.39285714285714,8.35571428571429,6.29428571428571,4.46785714285714,1001449,0,30.05,31.25
"El Salvador","SLV","LAC","Latin America & Caribbean","America","Lower middle income",0.0614718877277,0.0208756278733,0.0109715071702,0.65375,21828722719.328,2.09766871683205,3543.48249688221,74.1539056972923,12.3330314278523,8.653484416,3.67954701185226,0.286956415879684,296.794893822394,6149590.2,-0.235930458665825,-0.465894264727831,-0.297139177424833,-0.0246613545808941,0.0260389682836831,-0.721019990742206,0.0670930671971291,7.4185,8.5415,4.396,9.46,8.1265,6.5705,21041,0,13.66667,-89.16666
"Estonia","EST","ECA","Europe & Central Asia","Europe","High income",0.00692105547109524,0.00309161032209524,0.002088958671,0.864333333333333,21745017527.743,3.8419595298668,16291.9825468012,143.29138736688,11.2967558135357,6.12071384714286,5.17604196639288,-0.177286625522489,31.3516855691808,1337882.71428571,1.08653965403163,1.13279722701935,1.0266404577664,0.693774095603398,1.43119428271339,1.11576687438147,1.11906498670578,8.02761904761905,6.58380952380952,7.57476190476191,8.97095238095238,8.96142857142857,8.05,45227,0,59.41667,24.75
"Eswatini","SWZ","SSA","Sub-Saharan Africa","Africa","Lower middle income",0.372890781667583,0.136652422491,0.0679226880320833,0.573833333333333,4084209329.02307,2.97792032100901,3574.53030708068,87.4978247075053,13.1372915120809,7.32221881666667,5.81507269541422,0.710080362807806,66.3359302325581,1140978,-0.546364972988764,-0.251229266636074,-0.53799793869257,-0.348351647146046,-0.366115418573221,-0.429408227403959,-1.34508733948072,5.4175,5.42666666666667,2.9375,7.52583333333333,5.7,5.49583333333333,17364,1,-26.33333,31.13333
"Ethiopia","ETH","SSA","Sub-Saharan Africa","Africa","Low income",0.246690456784455,0.0682495869416364,0.0277478625010909,0.460090909090909,71301112094.1308,8.81248193550184,665.065569915062,35.442577090466,8.67829938386119,3.74735606818182,4.93094331567938,2.71402636349491,93.5854130266887,105617034.818182,-0.915254935170665,-0.498229498212988,-0.617148152806542,-1.55681978572499,-1.02471853928132,-0.545689802278172,-1.24892383271998,5.19,6.04636363636364,4.44272727272727,4.61909090909091,4.99545454545455,5.85181818181818,1127127,1,9.05,38.83333
"Fiji","FJI","EAP","East Asia & Pacific","Pacific","Upper middle income",0.0118854203868947,0.00181239509405263,0.000444184644315789,0.703789473684211,4197630687.71364,0.853364981408693,4659.18690145121,111.586241057978,8.58807452066686,3.56220215210526,5.02587236856159,0.480690293444776,49.207420850978,899019.578947368,-0.0630333807499132,0.327545392277994,-0.216043076477945,0.350264430634285,-0.314473278281328,-0.219515253103485,-0.305978499549,6.17473684210526,6.63578947368421,4.16157894736842,6.52842105263158,6.22263157894737,7.32473684210526,18333,0,-18.13333,178.4167
"Finland","FIN","ECA","Europe & Central Asia","Europe","High income",0.000504936412047619,0.000349782490095238,0.000283870434904762,0.918428571428571,233871369181.696,1.46462916882797,43456.3121446923,75.7576751326576,15.2891366558983,8.88904761904762,6.4000890368507,0.323353879046879,17.68433620421,5377531.66666667,1.82902797867381,2.25852328255063,2.06400105499086,1.32864681028184,1.78412935279665,1.97753160908109,1.56133576234182,8.04857142857143,5.14619047619048,8.92,9.32904761904762,8.63190476190476,8.21714285714286,336593,0,60.13334,25
"France","FRA","ECA","Europe & Central Asia","Europe","High income",0.000500626211666667,0.000250841270571429,0.000167042852904762,0.881380952380952,2352299699088.75,1.22482829368111,36126.0132906708,57.750066279117,16.4765802777099,10.9624231414286,5.51415713628133,0.504880183390238,118.798313254071,65050686.7619048,1.16674393121271,1.33570922556378,1.46782664457957,0.408806050905869,1.1775207122167,1.39688888050261,1.21371207350776,7.65857142857143,5.21238095238095,7.51523809523809,9.40380952380952,8.79238095238095,7.37190476190476,547026,0,48.86666,2.333333
"Gabon","GAB","SSA","Sub-Saharan Africa","Africa","Upper middle income",0.0294781555969231,0.00680408720346154,0.00266535173346154,0.681384615384615,13630106847.7259,2.94887076020782,6893.82929660103,80.9249764292843,5.81568842689204,2.76218034692308,3.05350807996897,2.87179179783222,7.69792399939099,1983524.07692308,-0.599526510896304,-0.78434890967149,-0.827314117780099,0.109418267169251,-0.644458240614488,-0.555392285952201,-0.895063778528801,5.09153846153846,6.11692307692308,2.58076923076923,5.94,5.65,5.16692307692308,267667,0,0.3833333,9.416667
"Gambia, The","GMB","SSA","Sub-Saharan Africa","Africa","Low income",0.194679278658167,0.0537697788078333,0.0220577157974167,0.471,1461767124.7519,2.88444095083793,639.02868710691,49.4439847392702,6.05317172310677,3.57250569166667,2.4806660314401,2.83730295341172,225.869729907773,2285801.66666667,-0.558096269426541,-0.599471462269624,-0.759092882275581,-0.0205164109138423,-0.556661461790403,-0.561570299168428,-0.851265100141367,6.81583333333333,7.66666666666667,4.42,8.56833333333333,6.975,6.4475,11295,0,13.46667,-16.65
"Georgia","GEO","ECA","Europe & Central Asia","Asia","Upper middle income",0.10141272434695,0.0299869805659,0.01363452196745,0.77145,13092349288.5301,5.33948785715579,3468.79649599111,90.4095317997531,10.9282599737644,7.924,3.00425997376442,-0.448488911593361,66.5085919731271,3801498.1,0.0193535610800609,0.201467608939856,0.26113006323576,-0.651015761494637,0.452059634774924,-0.148020099662244,0.000499920686706967,7.482,7.546,5.5965,8.252,8.3345,7.677,69700,0,41.71667,44.81667
"Germany","DEU","ECA","Europe & Central Asia","Europe","High income",0.00046744269,0.00025391401147619,0.000140985222047619,0.929666666666667,3199091684049.4,1.18794157564293,38966.1862000119,78.9628763964521,15.6197486030749,10.9521994357143,4.66754916736058,0.0551284639071301,235.285000297297,82096614.4761905,1.46726459406671,1.80747830300104,1.54445775917598,0.815796985512689,1.59532097975413,1.65054693108513,1.38998660587129,7.98904761904762,6.1447619047619,8.36380952380952,9.33333333333333,8.7,7.39666666666667,357325,0,52.533,13.417
"Ghana","GHA","SSA","Sub-Saharan Africa","Africa","Lower middle income",0.311064887981111,0.112790634718611,0.0569772341841111,0.572166666666667,43856171948.6437,6.08726623151118,1571.2807706343,74.2930368742576,8.9712248910795,3.97746451722222,4.99376037385729,2.39635168851198,119.857899007541,27272355.2222222,0.0162799906576294,-0.12703181989491,-0.170668512272338,0.0356746181690444,-0.104241692357593,0.00421591386354217,0.459731436438031,6.42722222222222,8.34111111111111,5.23444444444444,5.95055555555556,6.52444444444444,6.08,238538,0,5.55,-0.25
"Greece","GRC","ECA","Europe & Central Asia","Europe","High income",0.00762721185414286,0.00443943870176191,0.00331582896228571,0.869238095238095,219125598810.626,0.0882750828325556,20071.7718181083,61.8621713480726,12.4355071844928,8.53898116571429,3.89652601877848,-0.110702000945977,84.6114470427426,10906415.5238095,0.461938315507261,0.107297442897799,0.462327296535174,0.176160013391858,0.627536415344193,0.520153447985649,0.878155276888893,7.0047619047619,5.49761904761905,6.00571428571429,9.12809523809524,8.14761904761905,6.24380952380952,131621,0,38,23.73333
"Guatemala","GTM","LAC","Latin America & Caribbean","America","Upper middle income",0.0932963489496,0.0282662830707333,0.0130412703800667,0.6222,59708161563.9841,3.77529164517417,3894.28858416987,55.2993851876288,9.20163038630848,6.15459572533333,3.04703466097514,1.73249147158031,142.307247107129,15249644.6,-0.633787994583448,-0.789868418375652,-0.718707851568858,-0.636065308252971,-0.287466927369436,-1.05979624589284,-0.310823216040929,7.49933333333333,8.86866666666667,4.55133333333333,9.058,8.44666666666667,6.56933333333333,108889,0,14.63333,-90.51667
"Guinea","GIN","SSA","Sub-Saharan Africa","Africa","Low income",0.172212721399778,0.041735730912,0.0152882037463333,0.457777777777778,10585485743.851,5.93160623121075,857.580302296498,92.3302287620595,6.66493487270379,4.31439394333333,2.35054092937046,2.51724173144669,49.9014365944978,12261781,-0.979855242702697,-1.00981397098965,-1.06084609693951,-0.777677840656705,-0.914017432265812,-1.26314870516459,-0.853627410199907,5.05444444444444,5.53111111111111,2.85222222222222,6.64222222222222,5.56222222222222,4.68666666666667,245857,0,9.516666,-15.71667
"Guinea-Bissau","GNB","SSA","Sub-Saharan Africa","Africa","Low income",0.586945889347,0.24500291756375,0.1332549569905,0.45075,1039233953.74088,3.80840177714273,636.931665593525,44.0543940433169,7.95224037776283,6.1160428525,1.83619752526283,2.64680594502977,58.0254889758179,1631676.75,-1.17139628777901,-1.24561595916748,-1.22373440861702,-0.827450945973396,-1.19154280424118,-1.45363998413086,-1.08639362454414,5.05,6.9775,1.7275,6.045,6.09,4.41,36125,0,11.86667,-15.65
"Guyana","GUY","LAC","Latin America & Caribbean","America","Upper middle income",0.1153363616696,0.054299690901,0.0362553292826,0.5928,2950041487.42694,-0.250201562713413,3881.52859239383,197.546195735649,10.8679642178713,3.376312206,7.49165201187134,0.024709860003063,3.86087782575565,760013.8,-0.283901916258037,-0.399727582931519,-0.15905086286366,-0.498904311656952,-0.34005982875824,-0.560237872600555,0.254568961262703,6.056,4.256,4.688,7.478,7.256,6.602,214970,0,6.766667,-58.16667
"Haiti","HTI","LAC","Latin America & Caribbean","America","Lower middle income",0.289313394162875,0.099196798912625,0.046789028859625,0.553625,15128864308.2612,0.43156006732921,1384.62483241075,41.1390765975145,5.70692358889652,4.14394626,1.56297732889652,1.36758770441673,396.775752902758,10935139.75,-1.23148856560389,-1.31639714539051,-2.10615541040897,-0.802524521946907,-1.26424925029278,-1.10238312929869,-0.797221936285496,6.13375,7.9875,2.26875,6.4375,7.755,6.2175,27750,0,18.55,-72.33334
"Honduras","HND","LAC","Latin America & Caribbean","America","Lower middle income",0.141538468557,0.0499879777681,0.0252836393575,0.6124,21967432151.0182,3.2559125407034,2298.79415604814,105.374723577764,14.1270470145355,7.9977561,6.12929091453552,1.7566372511715,85.2755402627581,9541480.2,-0.66839881464839,-0.830644899606704,-0.708108365535736,-0.497593873739243,-0.418398441374302,-1.05994887948036,-0.495698428153992,7.029,8.844,3.763,8.997,7.147,6.396,112088,0,14.08333,-87.23333
"Hungary","HUN","ECA","Europe & Central Asia","Europe","High income",0.00254219748452381,0.00137694184252381,0.000967931144761905,0.826619047619048,120525663518.43,2.47294213039797,12134.0043685749,151.895746576261,12.0129162370591,7.22761904761905,4.78529718944004,-0.241054909739015,110.031324571191,9951654.95238095,0.699520299395931,0.338913232309833,0.662351821150098,0.811698402677263,0.907591277644747,0.686013624781654,0.790553437811988,7.33809523809524,5.90095238095238,6.32952380952381,9.0452380952381,8.41666666666667,7.00095238095238,93032,1,47.5,19.05
"Iceland","ISL","ECA","Europe & Central Asia","Europe","High income",0.00048473975447619,0.000270175040809524,0.000194791969142857,0.935571428571429,16488299287.8624,2.72104084983363,50865.5390968897,83.6876141320251,16.0432142403012,8.67714285714286,7.36607138315836,1.34097982249282,3.21140301058747,322340.952380952,1.59205346873828,1.99012433914911,1.66242811793373,1.36901851495107,1.3517943138168,1.74662263620467,1.43233289037432,7.7452380952381,6.28666666666667,8.78047619047619,8.09952380952381,7.79809523809524,7.76285714285714,102819,0,64.15,-21.96667
"India","IND","SA","South Asia","Asia","Lower middle income",0.257085349304722,0.0582557795882222,0.0194267107467778,0.586388888888889,1803829778203.26,6.31928236150009,1392.73373864075,43.438154572402,7.34056405756209,3.47777777777778,3.86278627978431,1.31899580082011,426.157155744802,1267046193.88889,-0.232877425748113,-0.392589950727092,0.00068004293522484,-1.07580027646489,-0.313366347302993,0.00910675970630508,0.374705217364762,6.25888888888889,7.50444444444444,5.12555555555556,6.81833333333333,6.00388888888889,5.84777777777778,3287590,0,28.61667,77.21667
"Indonesia","IDN","EAP","East Asia & Pacific","Asia","Lower middle income",0.128810040618526,0.024051430375,0.00691757690236842,0.67378947368421,745805999388.454,4.88361254363667,2952.23995464156,47.9538521104797,5.26286516434496,2.79620340052632,2.46666176381864,1.15167624467614,132.540146611846,248961116.473684,-0.421073471994564,-0.664568220314227,-0.195891872244446,-0.885128014966061,-0.24930079104869,-0.545098312591252,0.0135463791972909,6.70684210526316,8.23894736842105,4.33105263157895,8.24631578947368,7.13526315789474,5.58473684210526,1933658,0,-6.133333,106.75
"Iran, Islamic Rep.","IRN","MENA","Middle East & North Africa","Asia","Lower middle income",0.0091276786292,0.0017892431504,0.00062544626035,0.7552,383477118522.239,3.06168082751309,4997.08668847244,47.0024739693201,9.59877459954273,5.958526587,3.64024801254272,1.42932101953857,46.9427617676953,76392135.3,-1.00760240964592,-0.682656273990869,-0.537443107366562,-1.11141551434994,-1.43436242938042,-0.864218145608902,-1.4155189871788,5.1005,6.255,3.3985,7.027,4.379,4.445,1648100,0,35.66667,51.43333
"Ireland","IRL","ECA","Europe & Central Asia","Europe","High income",0.0025200164772381,0.00143106135714286,0.00108556358438095,0.909190476190476,255962341916.175,5.49823433572431,55936.436442429,189.708750359395,12.5704894859868,8.09018711809524,4.48030236789158,1.31950478278972,65.5064180992472,4512737.14285714,1.45897907964767,1.57050940536317,1.47204852104187,1.09164069380079,1.66150523367382,1.59935754253751,1.35881308146885,8.14380952380952,6.34809523809524,7.99095238095238,9.32666666666667,9.06238095238095,7.98952380952381,70285,0,53.33333,-6.25
"Israel","ISR","MENA","Middle East & North Africa","Asia","High income",0.00434262784461905,0.00202564097990476,0.0012459893272381,0.882190476190476,268401253768.829,3.95415507885625,33914.3286014703,65.9285644926802,12.8125594702221,7.01380952380952,5.79874994641259,1.91291699373392,361.002112490098,7812085.71428571,0.617619401878781,0.881830266543797,1.22874611332303,-1.15957127298628,1.13264529477982,0.948382763635544,0.673683245976766,7.3752380952381,5.90142857142857,6.02571428571429,9.41761904761905,8.75285714285714,6.77904761904762,21621,0,32.08333,34.76667
"Italy","ITA","ECA","Europe & Central Asia","Europe","High income",0.0109716402907143,0.00763243922533333,0.00613818918423809,0.878190476190476,1886382885296.95,0.263548779518871,31932.3151836033,53.8279637017494,12.8412913971856,8.59904761904762,4.24224377813793,0.179277750111098,199.886610433084,59110039.952381,0.588088237517883,0.301562015144598,0.478247479313896,0.472529402800969,0.820182351838975,0.439076698961712,1.01693147704715,7.48904761904762,6.05619047619048,6.51666666666667,9.36761904761905,8.70761904761905,6.79952380952381,301323,0,41.88334,12.5
"Jamaica","JAM","LAC","Latin America & Caribbean","America","Upper middle income",0.00826283218388889,0.00190542589638889,0.000681954294555556,0.700555555555556,14090173356.0963,0.665438920637619,5154.05007367235,87.3328122061747,10.7647964156784,5.28431696333333,5.48047945234511,0.392446777490271,252.416312711604,2733668.66666667,0.0530178929976601,-0.278790932976537,0.233023283550412,-0.0361802275809977,0.167010988988396,-0.329492665827274,0.562536911831962,7.28166666666667,8.21055555555556,5.21722222222222,8.225,7.49333333333333,7.26888888888889,10991,0,17.96667,-76.8
"Japan","JPN","EAP","East Asia & Pacific","Asia","High income",0.00540828406719048,0.0018112284782381,0.000881346273714286,0.904333333333333,4303353439015.12,0.700549465984537,33796.13663984,30.201979371315,12.7230389258975,9.37190476190476,3.35113416399275,-0.0473104876885262,349.38057260435,127349218.714286,1.2385099045341,1.39856638794854,1.47154761496044,1.02457174516859,1.15231650074323,1.36939935457139,1.01465782381239,7.99571428571429,6.44190476190476,7.90476190476191,9.76904761904762,8.16238095238095,7.70047619047619,377801,0,35.66667,139.75
"Jordan","JOR","MENA","Middle East & North Africa","Asia","Upper middle income",0.0006174944308,0.0001375757474,4.32683096e-05,0.7412,41097810888.896,2.35874652180206,3916.475326385,86.6127433631069,10.2200402727826,7.07057228,3.14946799278259,2.78650974888528,118.232526304484,10497372.6,-0.0965733584016561,0.141773837432265,0.110001774132252,-0.380233418941498,0.0686475913971663,0.205794140696526,-0.725424075126648,7.352,7.682,4.134,9.626,7.772,7.552,91862,0,31.95,35.93333
"Kazakhstan","KAZ","ECA","Europe & Central Asia","Asia","Upper middle income",0.0138975403660556,0.00340728216505556,0.00128396066655556,0.775888888888889,162290947302.563,5.00555555559127,9466.4038194163,73.4870035788659,6.54146667374505,3.195,3.34646667374505,1.34745848762623,6.27229107760945,16933304.2222222,-0.522139441155121,-0.816510157452689,-0.332113939233952,0.0681915372066821,-0.188084678517448,-0.712664446896977,-1.15165496203634,6.685,7.82444444444444,5.30611111111111,7.47222222222222,6.17333333333333,6.65277777777778,2717300,1,51.17,71.47
"Kenya","KEN","SSA","Sub-Saharan Africa","Africa","Lower middle income",0.331740580717632,0.104007821499316,0.0469154839423158,0.553842105263158,61135073023.2724,4.34393020796204,1401.04439952102,46.1628505027392,9.91657659872874,4.5706721731579,5.34590442557084,2.52962381811655,75.2212121520373,42811400.6842105,-0.667034385301042,-0.9568474324126,-0.534700553668173,-1.19173189213401,-0.307215907856038,-0.714324993522543,-0.297385532212885,6.58315789473684,7.35684210526316,4.22421052631579,8.45105263157895,6.54315789473684,6.34263157894737,582646,0,-1.283333,36.83333
"Korea, Rep.","KOR","EAP","East Asia & Pacific","Asia","High income",0.00204786664733333,0.000745236719888889,0.000399303564444444,0.909888888888889,1504234459203.39,2.8066495249293,29420.0366742523,79.0411048914103,11.6334141872319,7.25925217555556,4.37416201167636,0.334280244221135,523.815694577571,51045807.3333333,0.832958914891437,0.538146601782905,1.1562984055943,0.427726853224966,1.03712789217631,1.08475781811608,0.753695918454064,7.60333333333333,6.77777777777778,6.74555555555556,9.49333333333333,7.77444444444444,7.22444444444444,99484,0,37.5,127
"Kyrgyz Republic","KGZ","ECA","Europe & Central Asia","Asia","Lower middle income",0.0321570528097059,0.00618013076388235,0.002051107234,0.675294117647059,6138126709.10755,3.69190698552067,1046.61495932613,117.093017247034,12.9685872829662,6.71705882352941,6.25152845943675,1.66377348552555,30.3143899895725,5814300,-0.822253106563699,-1.16895078911501,-0.77242386341095,-0.771901791586596,-0.443341902073692,-1.11940012959873,-0.657500163597219,6.69941176470588,7.52647058823529,4.33529411764706,7.95529411764706,7.07176470588235,6.61235294117647,198500,1,42.9,74.6
"Lao PDR","LAO","EAP","East Asia & Pacific","Asia","Lower middle income",0.0887215322556667,0.0158547253406667,0.00442594228533333,0.603666666666667,14438185140.4483,7.30162184618081,2125.23348933703,86.6499836391444,5.18737753256103,2.37099830333333,2.8163792292277,1.43622738124346,29.4197515886771,6790078.66666667,-0.707809526059363,-0.927916646003723,-0.467987726132075,0.52082367738088,-0.827715416749319,-0.795439898967743,-1.7486211458842,6.02333333333333,6.94,4.5,6.95666666666667,6.61666666666667,5.09333333333333,236800,1,17.98333,102.6333
"Latvia","LVA","ECA","Europe & Central Asia","Europe","High income",0.00787853383119048,0.00343612039290476,0.00220966469104762,0.834047619047619,25439348862.8307,3.38231320449346,12336.788786039,109.082896999758,11.1536935524713,6.0252380952381,5.12845545723325,-1.07106153595745,33.6007479027844,2090882.42857143,0.691236027679036,0.325585255488044,0.729363117189635,0.544986606353805,1.00987245639165,0.729861971168291,0.807746759482793,7.82380952380952,7.04904761904762,6.96142857142857,8.82285714285714,8.55428571428572,7.72571428571429,64589,0,56.95,24.1
"Lebanon","LBN","MENA","Middle East & North Africa","Asia","Lower middle income",0,0,0,0.756444444444444,46823619746.6619,-1.38964578124573,8344.70873376756,76.6114933913196,9.85192075318926,7.75079812222222,2.10112263096704,0.165999096320182,550.250722276529,5629064.88888889,-0.781291128343177,-1.01152433289422,-0.496040647228559,-1.63237116071913,-0.318676245088379,-0.763275643189748,-0.465858740939034,6.52444444444444,8.64888888888889,3.50222222222222,8.83333333333333,6.32888888888889,5.29888888888889,10452,0,33.86666,35.5
"Lesotho","LSO","SSA","Sub-Saharan Africa","Africa","Lower middle income",0.3598378737535,0.140837758942667,0.0745001632513333,0.505583333333333,2236641449.04476,1.25559387127897,1047.08138779484,141.457798250297,17.8864332028463,10.0374871083333,7.84894609451294,1.05135185877705,70.4020449055775,2137406.08333333,-0.276479432217052,-0.000957500499983639,-0.719424369434516,-0.115210920572281,-0.546891319255034,-0.298902243375778,0.0225097598352779,5.89666666666667,5.59,4.51833333333333,7.53916666666667,6.245,5.58833333333333,30355,1,-29.31667,27.48333
"Lithuania","LTU","ECA","Europe & Central Asia","Europe","High income",0.00864227251147619,0.00450753803685714,0.003279540978,0.845714285714286,37932199313.1929,3.99897440757323,12547.6038512717,129.432779124019,11.1899275906881,6.44190476190476,4.74802282878331,-1.05478638237395,49.179907538165,3081711.57142857,0.790874685264296,0.418028649829683,0.792805935300532,0.782122159288043,1.06033574115662,0.765063163780031,0.926892462230864,7.77333333333333,7.02476190476191,7.16428571428571,8.8347619047619,8.48619047619048,7.35857142857143,65300,0,54.68333,25.31667
"Luxembourg","LUX","ECA","Europe & Central Asia","Europe","High income",0.000817810871714286,0.000471821245380952,0.000345681281,0.904,55480407934.2592,2.91820665003642,104646.712955622,315.151350414877,10.3066560586294,5.99285714285714,4.31379891577221,1.83225884632824,205.29009689688,528511.142857143,1.6943339658162,1.97060719558171,1.72266791548048,1.39194666771662,1.74019781748454,1.79302906422388,1.54755513440995,8.00333333333333,5.47,8.47190476190476,9.22238095238095,8.84428571428571,8.01238095238095,2586,1,49.6,6.15
"Madagascar","MDG","SSA","Sub-Saharan Africa","Africa","Low income",0.779829519029,0.390624769681762,0.233220369309571,0.481238095238095,10321998646.932,2.56210971434109,459.245139011996,57.4821562322802,7.24987295616071,4.45598577238095,2.79388718377976,2.75616566826348,38.6386809864983,22475903.2380952,-0.560963237130578,-0.577729670247728,-0.899019736619223,-0.3117936581728,-0.566713328872408,-0.651993972914559,-0.358529055956751,5.92095238095238,7.66238095238095,2.74333333333333,7.08333333333333,6.70238095238095,5.4152380952381,587041,0,-18.86667,47.5
"Malaysia","MYS","EAP","East Asia & Pacific","Asia","Upper middle income",0.0044133029765,0.0008725343826,0.0002859011165,0.76925,257477406759.555,4.66837157928563,8701.62658699214,159.801117206295,8.54162600082925,3.3940040235,5.14762197732925,1.78676241472216,88.4941906863491,29074766.35,0.326879298454151,0.175166492746212,0.999883362650871,0.181013390305452,0.562364068627357,0.414764916151762,-0.371916439756751,6.8675,6.1135,5.477,7.965,7.472,7.309,329758,0,3.133333,101.7
"Mali","MLI","SSA","Sub-Saharan Africa","Africa","Low income",0.396071896137895,0.127950742257,0.058016319275,0.390842105263158,11676757185.2854,3.97674790645949,698.541746102307,59.7507035696915,8.00460181706729,4.42800708789474,3.57659472917256,3.15844741368872,13.520102606971,16497094,-0.638532940461709,-0.715623309737758,-0.931559415240038,-0.982592235662435,-0.541905536463386,-0.546365103047145,-0.113152042619492,5.73157894736842,6.59684210526316,3.39052631578947,6.59421052631579,6.47947368421053,5.59947368421053,1240142,1,12.66667,-7.983333
"Malta","MLT","MENA","Middle East & North Africa","Europe","High income",0.0027489246942381,0.00122577241490476,0.000747795448809524,0.859238095238095,9724702252.39338,5.03874475326347,22031.5706701917,282.175482814723,14.1411214846656,8.55428571428572,5.58683577037993,1.35038701175624,1358.02455357143,434567.857142857,1.10516491023794,0.761072315630459,1.02113428569975,1.21588435627165,1.17235755068915,1.27398538021814,1.18655557291848,7.77142857142857,6.70857142857143,7.03761904761905,8.81428571428571,8.64571428571429,7.64809523809524,316,0,35.9,14.53333
"Mauritania","MRT","SSA","Sub-Saharan Africa","Africa","Lower middle income",0.0736853995606,0.0182607001517,0.0069783340869,0.5289,6087139580.90524,4.55619431270575,1545.68082906528,90.5140933289942,5.3332820306423,3.174214984,2.1590670466423,2.69830897342578,3.81519947608421,3932326.1,-0.809469097852707,-0.818525677919388,-0.890357148647308,-0.687537768483162,-0.792469045519829,-0.807873332500457,-0.860051614046097,5.88,6.857,3.114,7.174,6.353,5.898,1030700,0,18.15,-15.96667
"Mauritius","MUS","SSA","Sub-Saharan Africa","Africa","Upper middle income",0.00361269567538095,0.000590125063761905,0.000169547165952381,0.756380952380952,10283713899.0195,3.21570712881014,8231.03120077,109.839773284981,8.53825200063297,4.54944956761905,3.98880243301392,0.317763239790277,618.882678098781,1245406.71428571,0.749950359797194,0.293303051519962,0.826269321498417,0.887113911764962,0.791356966609046,0.872937369914282,0.828721537476494,7.80333333333333,7.76761904761905,6.21571428571429,9.19761904761905,8.36428571428571,7.46952380952381,2045,0,-20.16667,57.5
"Mexico","MEX","LAC","Latin America & Caribbean","America","Upper middle income",0.04881788696675,0.0147409895071,0.0067263400344,0.7493,1104505937520.75,1.69728115614713,9734.75549218424,62.2517201410773,10.2516455420558,5.6538805255,4.59776501655579,1.25005424372845,58.289637079143,113312140,-0.20807440187588,-0.552813782542944,0.0739953249692916,-0.595639574341476,0.23926525642164,-0.526083494722843,0.112829858961049,6.9295,7.824,4.8195,7.7355,7.658,6.607,1967210,0,19.41667,-99.16666
"Moldova","MDA","ECA","Europe & Central Asia","Europe","Upper middle income",0.0263836827566667,0.00715743613511111,0.0029595386725,0.731833333333333,7206844249.91702,3.74138676378588,2581.50066273443,104.224137186499,15.5042379326291,8.80833333333333,6.69590459929572,-0.61929951275941,97.8763439351973,2811135.22222222,-0.371827938224198,-0.701101241840257,-0.597182490759426,-0.271653155401711,-0.130469401250593,-0.410304565396574,-0.120256774696625,6.62833333333333,7.51944444444444,5.45777777777778,6.77888888888889,7.08166666666667,6.29777777777778,33700,0,47,28.83333
"Mongolia","MNG","EAP","East Asia & Pacific","Asia","Lower middle income",0.011774274294,0.00197860514906667,0.000556427796266667,0.720666666666667,10362077413.8438,6.33649088608454,3480.29307277925,113.061769632949,9.0361527600269,4.39554726266667,4.64060549736023,1.71834427510491,1.88060481607594,2928397.33333333,-0.0934247461276957,-0.53427884777387,-0.436249645551046,0.679047145446142,-0.223879584064707,-0.273297468821208,0.228109923998515,7.006,7.23533333333333,5.972,7.746,7.03666666666667,7.03333333333333,1565500,1,47.9,106.8667
"Morocco","MAR","MENA","Middle East & North Africa","Africa","Lower middle income",0.0160116417162727,0.00286287154645455,0.000843088821727273,0.652545454545455,108905858256.167,2.90317783570834,3077.05557528409,72.7849810432001,10.471575736964,5.2383839,5.233191836964,1.19608749367538,77.9320377650581,34781068.4545455,-0.333143033002588,-0.339508587663824,-0.229533628983931,-0.398446909405969,-0.126982830634171,-0.247610327872363,-0.65677591345527,6.43272727272727,6.63272727272727,5.09818181818182,7.08545454545455,6.86272727272727,6.48090909090909,710850,0,34.03333,-6.85
"Mozambique","MOZ","SSA","Sub-Saharan Africa","Africa","Low income",0.704185786802867,0.3367283864326,0.1981003752622,0.424933333333333,14260537031.6271,5.47990867338953,539.007192892973,97.2277657276275,11.7859706086115,6.31881837866667,5.46715222994486,2.90063723861141,33.0058971489611,25955177.4,-0.591457475113889,-0.689453824361165,-0.747527897357941,-0.364571000402793,-0.622465292612712,-0.827118657032649,-0.297608178916077,5.69866666666667,5.87933333333333,4.31666666666667,6.47533333333333,6.51266666666667,5.31266666666667,801590,0,-25.96667,32.58333
"Namibia","NAM","SSA","Sub-Saharan Africa","Africa","Upper middle income",0.239228586176176,0.0810855070901177,0.0383543550256471,0.599411764705882,9413200145.06806,2.89041588804808,4243.62041737959,93.5745844458606,17.7993205295484,9.33419452,8.46512600954842,1.65362578897541,2.66770096735265,2196291.52941176,0.335622293516815,0.31544231009834,0.189829006681547,0.644456130616805,0.134566059818847,0.286031016970382,0.443409236914971,6.11647058823529,6.69411764705882,5.84588235294118,6.07823529411765,6.04352941176471,5.92,825518,0,-22.56667,17.1
"Nepal","NPL","SA","South Asia","Asia","Lower middle income",0.14840512981381,0.0381856610337143,0.0142775891325714,0.538857142857143,21264404883.431,4.2104888715327,773.219850630833,44.85719720654,7.94142830212911,4.38523809523809,3.55619020689101,0.963541150797669,190.006096965469,27237374,-0.780394179716943,-0.697025350161961,-0.884824300096148,-1.25158056120078,-0.687737472000576,-0.660221648358163,-0.50097574648403,6.17619047619048,8.20809523809524,4.49809523809524,6.03571428571429,5.93952380952381,6.20238095238095,147181,1,27.7,85.31667
"Netherlands","NLD","ECA","Europe & Central Asia","Europe","High income",0.00110431200195238,0.000538081469571429,0.000351806712952381,0.919047619047619,746065239386.027,1.48488160076549,44581.1006666427,138.12260672326,15.0501595115662,9.82190476190476,5.2282547496614,0.456020084040868,495.729284740031,16713838.7619048,1.66054270759461,2.00018851529984,1.8313775062561,1.01179816041674,1.80399015403929,1.78203180290404,1.53387010665167,7.90142857142857,4.90095238095238,8.57333333333333,9.32714285714286,9.03142857142857,7.67,41863,0,52.35,4.9
"Nicaragua","NIC","LAC","Latin America & Caribbean","America","Lower middle income",0.07577941676825,0.0195788972495,0.00763762343158333,0.628833333333333,11530133247.4557,2.73822019600986,1852.43150118459,88.3868853090384,11.5189130119983,7.70719325666667,3.81171975533168,1.38922858399704,51.0918072405961,6148388.08333333,-0.682461557858106,-0.899204909801482,-0.795146390795708,-0.359231870621443,-0.552826926112175,-0.880971084038416,-0.607388165779412,6.74583333333333,7.1625,3.7675,8.82166666666667,7.90333333333333,6.0725,130670,0,12.1,-86.3
"Niger","NER","SSA","Sub-Saharan Africa","Africa","Low income",0.635811943681579,0.248425652933632,0.126269519837737,0.341263157894737,8477357703.20152,4.80604940940578,456.339524057606,40.3662990877635,8.35104516178012,5.14287584578947,3.20816931599065,3.70671305646957,14.3780556605851,18212683.1052632,-0.671865269999232,-0.712992119161706,-0.754241469659303,-0.923332176318295,-0.66507004593548,-0.597983462245841,-0.377572346674768,5.60631578947368,6.85894736842105,3.49473684210526,6.65789473684211,5.67684210526316,5.33894736842105,1267000,1,13.53333,2.083333
"Norway","NOR","ECA","Europe & Central Asia","Europe","High income",0.00181049083161905,0.00121193549342857,0.00096760881052381,0.941857142857143,366394974829.861,1.61915165129007,73869.513575376,69.6534954829666,16.3941547875177,9.19095238095238,7.20320240656535,0.891906864975565,13.564543400028,4952448.52380952,1.71583928475304,2.09151320230393,1.8686112506049,1.25327011517116,1.51837048644111,1.92925273804438,1.63401791595277,7.82714285714286,5.38714285714286,9.07619047619048,9.01857142857143,8.1647619047619,7.49238095238095,323752,0,59.91667,10.75
"Pakistan","PAK","SA","South Asia","Asia","Lower middle income",0.111226317548526,0.0181723423181053,0.00478082569952632,0.505368421052632,276850481301.645,4.22440091173987,1372.74259917157,28.9911099791365,4.66442989028841,2.59472992526316,2.06969996502525,1.88240734723772,258.541845614581,199304737.947368,-1.03042078541036,-0.930325103433509,-0.647798451938127,-2.24400192185452,-0.675578580090874,-0.82342549374229,-0.861395161402852,5.70263157894737,8.06631578947368,3.28842105263158,5.65947368421053,5.95,5.54842105263158,882872,0,33.66667,73.13333
"Panama","PAN","LAC","Latin America & Caribbean","America","High income",0.0421093074115,0.0161449375958571,0.0091535373915,0.7835,44876956111.3197,4.5942824241681,11555.4063225263,109.291686143771,11.4525128262746,7.78217751642857,3.67033530984606,1.73963915311423,50.7585694318027,3767380.78571429,0.122465000371449,-0.444768580475024,0.0992644337405051,0.220107232087425,0.431889304092952,-0.12662232191568,0.554919934698514,7.65071428571429,7.84928571428571,5.72,9.19642857142857,8.62428571428571,6.855,75648,0,8.95,-79.5
"Paraguay","PRY","LAC","Latin America & Caribbean","America","Upper middle income",0.0419307314004118,0.0133929552997647,0.00639010006817647,0.711764705882353,32242715082.2245,3.39804234080322,5333.69265367278,73.9315197212051,9.51572348143353,6.21984310764706,3.29588037378648,1.35023721881747,15.0276303282451,5970477.52941176,-0.597146644948653,-1.01792869497748,-0.853531027541441,-0.434337668271516,-0.357679737841382,-0.770731058190851,-0.148671682869249,6.93411764705882,8.45588235294118,4.08823529411765,8.46294117647059,7.41176470588235,6.24705882352941,406752,1,-25.25,-57.66667
"Peru","PER","LAC","Latin America & Caribbean","America","Upper middle income",0.0917719977716191,0.0305811279601429,0.0145988412874286,0.727095238095238,155712088250.846,4.62934393445085,5149.82494649298,47.7050329419053,8.17156953946746,4.88791286285714,3.28365667661031,1.12748731451242,23.3184240699405,29847582.8095238,-0.273316777703012,-0.406548539087886,-0.37080996802875,-0.707629655088697,0.308992328610094,-0.584274751799447,0.120369919176612,7.59,7.92952380952381,5.29809523809524,9.23333333333333,8.64047619047619,6.8447619047619,1285216,0,-12.1,-77.05
"Philippines","PHL","EAP","East Asia & Pacific","Asia","Lower middle income",0.104634052526647,0.0211729421094118,0.00654715795135294,0.676823529411765,258843350904.464,4.57406560233796,2618.90377742542,71.7541510020852,6.90322114607867,3.86941176470588,3.03380938137279,1.8225675964474,322.695728256088,96218185.2941176,-0.396784589187626,-0.616019883576561,-0.00195159281001385,-1.25698491405038,-0.038988092366387,-0.497412068002364,0.0306490156799554,7.00823529411765,8.31529411764706,4.40882352941177,8.69411764705882,7.00294117647059,6.61470588235294,3e+05,0,14.61667,120.9667
"Poland","POL","ECA","Europe & Central Asia","Europe","High income",0.000487371934095238,0.000110448299714286,5.46247826190476e-05,0.84647619047619,426195011337.869,3.84820235829754,11204.7453699779,85.7567623425969,11.1958800088792,6.23095238095238,4.96492762792678,-0.112511071310957,124.293272794525,38062824.1428571,0.678434710062686,0.517922749121984,0.523120715504601,0.660579819764409,0.868647004876818,0.582718915882565,0.917619055225736,7.03380952380952,5.80714285714286,6.43285714285714,8.02238095238095,7.85571428571429,7.0547619047619,312685,0,52.25,21
"Portugal","PRT","ECA","Europe & Central Asia","Europe","High income",0.00455964224942857,0.00221674249061905,0.00138941873090476,0.833904761904762,204416594262.545,0.65221633776272,19599.1874028074,73.5001176396522,14.581426973797,9.56095238095238,5.02047459284465,0.03306006936389,113.936505227489,10431614.4285714,1.04572291033609,0.96980162177767,1.05966931865329,0.97754905337379,0.945081256684802,1.10605443943114,1.21618177209582,7.59333333333333,6.00333333333333,7.38809523809524,9.34809523809524,8.6147619047619,6.61095238095238,92389,0,38.73333,-9.133333
"Qatar","QAT","MENA","Middle East & North Africa","Asia","High income",0,0,0,0.849375,147797804684.886,5.52761449823165,66875.1983357632,95.4394830335813,6.08685219390183,2.493922175,3.59293001890183,4.50319192430356,194.468908701646,2244084.5,0.529120418553552,0.976479195058347,0.86072888225317,0.967998914420605,0.639256428927183,0.843012750148773,-1.11275365948677,6.945,5.9925,5.3675,8.34,8.1025,6.91125,11437,0,25.25,51.53333
"Russian Federation","RUS","ECA","Europe & Central Asia","Asia","Upper middle income",0.0039942032381,0.0009052993098,0.00034209137315,0.7988,1242656340281.5,3.2264245306279,8550.35754394531,51.8035717186449,9.27161339139939,5.371,3.90061339139938,-0.0547755475716553,8.80998395274128,144289858.95,-0.728609229624272,-0.949639651179314,-0.378626293316484,-0.912022936344147,-0.375221700593829,-0.8696771889925,-0.886467607319355,5.8965,5.8815,4.937,6.8125,6.2505,5.5925,17075400,0,55.75,37.7
"Rwanda","RWA","SSA","Sub-Saharan Africa","Africa","Low income",0.555115751801267,0.209902201171667,0.104658442688067,0.493933333333333,7915986561.94276,7.0787262800158,682.619645719601,45.14271154275,10.8991508631881,6.98324130266667,3.91590956052144,2.3941579477158,457.750395892447,11292702.2666667,-0.242467254330404,0.403511626428614,-0.0843751714875299,-0.211303105934834,-0.176807846998175,-0.180658070743084,-1.20517095724742,6.58933333333333,5.348,5.324,8.35866666666667,6.778,7.136,26338,1,-1.933333,30.06667
"Senegal","SEN","SSA","Sub-Saharan Africa","Africa","Lower middle income",0.32919648281255,0.1064768366528,0.0482171187618,0.4696,16183483354.171,4.17467067412682,1214.56185883315,57.3432714915507,8.48897743293863,4.1833049185,4.30567251443863,2.63386723523533,68.2183041603906,13134070.1,-0.164555757213384,-0.151016365992837,-0.328741443529725,-0.188259271997958,-0.248748096451163,-0.18896094947122,0.1183915841626,5.9455,6.709,3.7175,6.899,6.711,5.6855,196722,0,14.63333,-17.45
"Seychelles","SYC","SSA","Sub-Saharan Africa","Africa","High income",0.00661134287766667,0.00209834288155556,0.00101317053722222,0.797888888888889,1600657239.8509,3.61881229805266,16758.5021563204,185.780574515938,9.34614761592781,4.93956147222222,4.40658614370558,1.29942709705802,207.090338164251,95261.5555555556,0.462104381605362,1.03293205632104,0.607607924275928,0.681791593631109,-0.0275642996550433,0.253956803017192,0.223902212041947,7.15222222222222,5.47888888888889,5.99222222222222,8.69777777777778,8.14333333333333,7.45111111111111,455,0,-4.633333,55.46667
"Sierra Leone","SLE","SSA","Sub-Saharan Africa","Africa","Low income",0.402606966418421,0.127324182052158,0.0562309294558947,0.412157894736842,3797885975.50122,7.60870866376826,559.026338713158,58.5402080541627,14.2549617285863,10.0886723363158,4.16628939227054,2.78001345361679,92.0644514444883,6645212.10526316,-0.77393495964638,-0.786950365493172,-1.24440035694524,-0.365427143479648,-0.975283832926499,-0.963567652200397,-0.307980406833323,5.61157894736842,7.39210526315789,3.68578947368421,6.01473684210526,5.99157894736842,4.97105263157895,73326,0,8.5,-13.28333
"Slovak Republic","SVK","ECA","Europe & Central Asia","Europe","High income",0.00411545470833333,0.00217126915666667,0.00151504197252381,0.830809523809524,78089043667.7552,3.55195798125673,14430.9763301918,162.200616910822,10.9217185806093,6.86333333333333,4.05838524727594,0.0537086731313713,112.415207221725,5406079.23809524,0.69165008568338,0.219861375079268,0.713808403128669,0.870190833296095,0.930582790147691,0.491845023064386,0.92361208938417,7.53857142857143,6.49904761904762,6.57285714285714,8.93285714285714,8.36952380952381,7.31285714285714,49036,1,48.16667,17.16667
"Slovenia","SVN","ECA","Europe & Central Asia","Europe","High income",0.000129637891380952,6.12214556190476e-05,3.71886353809524e-05,0.888523809523809,42488161663.6128,2.40332600515634,20761.7641409792,134.897741393169,13.7175705991472,8.35619047619048,5.36138012295678,0.283659888892931,101.45432512335,2043376.42857143,0.932679772377014,0.860787374632699,0.990273637431008,0.970783781437647,0.763157103742872,0.98128304595039,1.02979369106747,7.18333333333333,5.22761904761905,6.61809523809524,9.0552380952381,8.20666666666667,6.81095238095238,20256,0,46.06667,14.5
"South Africa","ZAF","SSA","Sub-Saharan Africa","Africa","Upper middle income",0.231144926883667,0.077314366856619,0.0357476182395238,0.681142857142857,310154030929.878,2.35728084868934,5843.65593892932,53.5816816031979,12.8084448177691,7.63999530238095,5.16844951538812,1.13699639286331,43.5689336440707,52853037.7142857,0.21165414022546,0.0985135122734522,0.273737720967758,-0.156883168965578,0.391305304620238,0.0189471628843984,0.644304309572492,6.71714285714286,6.30047619047619,5.8147619047619,7.6447619047619,7.05047619047619,6.77904761904762,1219912,0,-25.73,28.22
"Spain","ESP","ECA","Europe & Central Asia","Europe","High income",0.00794604528719048,0.00523334899633333,0.00410624080514286,0.871142857142857,1178413693966.76,1.34778293511708,25919.458877905,59.5121637863034,13.0615917835832,8.66778035333333,4.3938114302499,0.730999253152077,90.9646064808688,45434906.5238095,0.913293185547763,0.984654778525943,1.14594838732765,0.0952160435152195,1.06706300803593,1.07853394179117,1.10834295409066,7.77333333333333,6.4747619047619,7.35666666666667,9.37857142857143,8.51142857142857,7.14619047619048,505954,0,40.41667,-3.716667
"Sri Lanka","LKA","SA","South Asia","Asia","Lower middle income",0.015622783192,0.00229678652857143,0.000551672615428571,0.762857142857143,87777413532.7638,3.02174687217396,4072.11358005814,45.4010783098306,5.92293998786381,3.77428571428571,2.1486542735781,0.654075647230743,346.827361725025,21499497.2857143,-0.186912532238888,-0.376766162259238,-0.115924159929688,-0.278551335579583,-0.210274236542838,0.0105589821302731,-0.150518281252256,6.4,8.12714285714286,4.79714285714286,6.91857142857143,6.07428571428571,6.08857142857143,65610,0,6.916667,79.86667
"Sweden","SWE","ECA","Europe & Central Asia","Europe","High income",0.00452368091557143,0.00309056379319048,0.00247893490433333,0.921714285714286,466548025160.325,2.34409164430045,48770.8687028513,84.2755904335639,16.6459814271473,9.5852380952381,7.06074333190918,0.758730732813384,23.4014116225905,9531984.42857143,1.71492995629235,2.15973001434689,1.83701561746143,1.15164390064421,1.69897225357237,1.87266785757882,1.56955009415036,7.8752380952381,4.69285714285714,8.60571428571428,9.55809523809524,8.68190476190476,7.84,449964,0,59.33333,18.08333
"Switzerland","CHE","ECA","Europe & Central Asia","Europe","High income",0.000247627920761905,0.00012324902,7.78946456666667e-05,0.93247619047619,646362554994.214,1.92912410384984,81214.1515971201,114.993825115794,15.3144792149699,10.3438263395238,4.97065287544614,0.910695817954344,200.791373353187,7933969.52380952,1.72933542255371,2.04347808588119,1.95759620552971,1.30405226775578,1.67680948121207,1.84777288777488,1.54630360716865,8.56238095238095,7.82476190476191,8.95,9.73761904761905,8.14476190476191,8.14952380952381,41288,1,46.95,7.433333
"Syrian Arab Republic","SYR","MENA","Middle East & North Africa","Asia","Low income",0.0168658220027143,0.00160610291828571,0.000343978805285714,0.637,27288231237.8397,5.59596132526202,1395.80904611498,70.8660846079371,9.4257860520506,4.14122605285714,5.28455999919346,3.41182514636335,106.026816662742,19470811,-0.889487740184579,-0.873218702418463,-0.80546059353011,-0.201542239103998,-1.12910819905145,-0.655177806104933,-1.67241890089853,4.92,5.40857142857143,2.5,7.11857142857143,5.53857142857143,4.02428571428571,184004,0,33.5,36.31667
"Tajikistan","TJK","ECA","Europe & Central Asia","Asia","Lower middle income",0.0543737849536667,0.01203612025625,0.0042107874765,0.652833333333333,8816092128.70372,7.02660858672711,1007.56825639535,63.4765725302479,11.92079205513,6.80416666666667,5.11662538846334,2.22139016182028,62.1419459664621,8646604.16666667,-1.15811481078466,-1.28005464871724,-0.962682530283927,-0.829025655984879,-1.06483145058155,-1.21306150158246,-1.59903307755788,5.93,5.78166666666667,3.8625,7.81416666666667,6.385,5.80583333333333,143095,1,38.63334,68.85
"Tanzania","TZA","SSA","Sub-Saharan Africa","Africa","Lower middle income",0.497457318788556,0.166966985465278,0.0759567419716667,0.495,42458672009.1781,6.03504140908565,862.129279242622,41.0526705922284,8.79992405612149,4.84233858888889,3.9575854672326,2.95848768127536,55.991832304759,49597565.0555556,-0.461554917101576,-0.52700702018208,-0.633061352703306,-0.338006350160059,-0.503635035620795,-0.46276861263646,-0.304851131306754,6.34888888888889,6.81111111111111,5.06888888888889,7.41444444444444,6.04833333333333,6.40944444444444,945090,0,-6.85,39.3
"Thailand","THA","EAP","East Asia & Pacific","Asia","Upper middle income",0.00588837300271429,0.000986804578476191,0.000281081490142857,0.750047619047619,354227835502.177,3.40853765682199,5154.37310161107,124.840211590138,7.36824556821039,3.60900680285714,3.75923876535325,0.607884083733916,133.704926510133,68308509.9047619,-0.219929253623363,-0.386305978610402,0.22891709598757,-0.804814186834154,0.149382073299161,-0.0171745794248722,-0.489579946157478,6.83238095238095,7.17190476190476,5.50809523809524,7.48380952380952,7.10761904761905,6.88904761904762,513115,0,13.73333,100.5
"Togo","TGO","SSA","Sub-Saharan Africa","Africa","Low income",0.516643634114238,0.209752078087524,0.110038171884667,0.483952380952381,4968608137.71734,3.6148911680904,722.646837060724,62.2118676873134,7.68704677803388,4.54996216904762,3.13708460898626,2.60583686444862,124.792377800541,6787457.42857143,-0.860208322397537,-0.873310460930779,-1.23095842770168,-0.44235193037561,-0.83797748315902,-0.833656978039515,-0.942994654178619,5.81428571428571,7.35047619047619,3.54,6.61952380952381,6.37285714285714,5.19333333333333,56785,0,6.166667,1.35
"Tunisia","TUN","MENA","Middle East & North Africa","Africa","Lower middle income",0.0195595414354,0.00328543068166667,0.0009628834098,0.700733333333333,38755629952.9348,3.02992256389607,3534.00290167607,93.5164380998146,12.0307474452742,5.63491179133333,6.39583565394084,0.987761065445311,70.1563203741847,10899485.9333333,-0.13667084004523,-0.0743605707461635,0.237784730146329,-0.165388062347968,-0.110340056444208,-0.0073364213109016,-0.700384659568468,6.14933333333333,6.49733333333333,4.91733333333333,6.866,6.34866666666667,6.12066666666667,164150,0,36.83333,10.21667
"Turkiye","TUR","ECA","Europe & Central Asia","Europe","Upper middle income",0.00332356440178571,0.000606461303928571,0.000218274085,0.798857142857143,829732565943.914,4.84811494831988,10587.7921174261,54.9907829208703,8.68517434801374,4.55571428571429,4.12946006229946,1.29869721921059,101.003058891007,77734984.2142857,-0.268087680673315,-0.116303011109786,0.166166397110958,-1.25351955635207,0.213699207907276,-0.175969853498308,-0.442599268097963,6.69785714285714,7.23642857142857,5.02357142857143,7.83642857142857,7.41571428571429,5.975,780576,0,41.03333,28.95
"Uganda","UGA","SSA","Sub-Saharan Africa","Africa","Low income",0.444099715762,0.149947371227143,0.0693285318177143,0.5095,30693916052.4116,4.98856412984223,818.14301234022,37.8077702331963,7.48045476844844,5.09590557642857,2.38454919201987,3.13706727629133,183.075813526477,36697375.3571429,-0.641926849172229,-1.02985082779612,-0.588578317846571,-0.886868855782918,-0.284946281995092,-0.414279471550669,-0.647037340062005,6.80357142857143,7.71214285714286,4.08428571428571,8.43785714285714,6.96214285714286,6.82357142857143,241038,1,0.3333333,32.58333
"Ukraine","UKR","ECA","Europe & Central Asia","Europe","Lower middle income",0.00498363291361905,0.000965132931380952,0.000317034503571429,0.756666666666667,100404656080.164,1.88485370703475,2235.61928013393,97.3621345524646,12.5240777224586,6.79809523809524,5.72598248436337,-0.543908828432462,79.3676999232267,45980834.7142857,-0.624843383692057,-0.949026431356158,-0.615426868200302,-0.769838500590551,-0.452453100965136,-0.805982714607602,-0.156332686432593,5.52857142857143,6.82142857142857,4.27666666666667,4.61714285714286,6.53857142857143,5.39095238095238,603677,0,50.41667,30.5
"United Arab Emirates","ARE","MENA","Middle East & North Africa","Asia","High income",0,0,0,0.9315,393339450918.916,-1.9243521492501,42530.7363923362,166.977732124004,9.02767491273315,5.105479955,3.92219495773315,0.798390781478622,130.237580963108,9249473,0.624120006958643,1.07732743024826,1.33303040266037,0.629995852708817,1.02123448252678,0.842158854007721,-1.15902698040009,7.245,5.34,6.435,8.945,8.315,7.185,83657,0,24.46667,54.41667
"United Kingdom","GBR","ECA","Europe & Central Asia","Europe","High income",0.00282479159190476,0.00205482320461905,0.00163032621171429,0.908047619047619,2754455206572.19,1.55381789312913,43516.2924251836,57.7318928415492,14.6616118970808,9.46204171809524,5.1995701789856,0.614734398563563,261.232402524933,63199955.1428571,1.41569762718346,1.77965338457198,1.59156851541428,0.42736306963932,1.70342715581258,1.6613255739212,1.33084806374141,8.20666666666667,6.5,8.26523809523809,9.42285714285714,8.85190476190476,7.99238095238095,244110,0,51.5,-0.1666667
"United States","USA","NAC","North America","America","High income",0.00939582406961905,0.00709611856328571,0.00582821983119048,0.915333333333333,17083567901142.9,2.17446247767842,54886.7686885624,26.7932274428156,21.6834140043744,15.7751602438095,5.9082537605649,0.781094878941947,33.9016464716831,310266930.904762,1.23436099929469,1.38783780733744,1.52448355583918,0.367183576027552,1.46439816270556,1.54197113854545,1.12029175531296,8.40428571428571,7.40857142857143,8.07095238095238,9.5447619047619,8.34190476190476,8.65476190476191,9529106,0,40.75,-74
"Uruguay","URY","LAC","Latin America & Caribbean","America","High income",0.00384133544752941,0.000891190561411765,0.000398239105117647,0.793352941176471,49304800132.665,1.60933242241336,14580.7080738367,50.519071529517,12.3568880976453,8.65941490823529,3.69747318941004,0.18940555429059,19.2642884510678,3371635.76470588,0.820606287495762,1.21875762939453,0.498249057461234,0.908551321310155,0.584546746576534,0.616145431995392,1.09738753823673,7.12882352941176,6.98,5.85235294117647,8.23764705882353,7.88235294117647,6.69058823529412,176215,0,-34.91667,-56.16667
"Viet Nam","VNM","EAP","East Asia & Pacific","Asia","Lower middle income",0.0249827016271429,0.00500864805992857,0.0016079970835,0.695428571428571,239685900821.729,5.87408185731403,2594.68262996873,146.309765831769,8.51177963000449,4.74734360642857,3.76443602357592,0.997670812810893,292.480282734839,91628828.3571429,-0.450843040410074,-0.518661139266832,-0.069547374200608,0.12050795342241,-0.519132914287703,-0.303339689970017,-1.4148850781577,5.78428571428571,6.00285714285714,4.83571428571429,5.63,6.46428571428571,5.99071428571429,331114,0,21.01667,105.8667
"Yemen, Rep.","YEM","MENA","Middle East & North Africa","Asia","Low income",0.161205771959,0.0361720840156667,0.0123076852806667,0.496,58134042267.5878,-0.873199882146617,2285.31735675537,62.9355773057301,10.0079455373893,5.04159879666667,4.96634674072266,2.9121950916117,48.2621784066014,25480982.3333333,-1.35242370433278,-1.23076303799947,-1.15694812933604,-2.42705861727396,-0.719219982624054,-1.22063640753428,-1.35991605122884,5.79,6.59666666666667,2.56,7.12,7.22333333333333,5.45333333333333,547244,0,15.4,44.23333
"Zambia","ZMB","SSA","Sub-Saharan Africa","Africa","Low income",0.6186590424275,0.310669207398438,0.19106881189725,0.5305,18142585317.7169,5.1213154828818,1177.87968372979,72.3002596086237,8.16024161174845,4.9833336775,3.17690793424845,3.19414624162409,20.2507998829686,15054242.125,-0.389302351201574,-0.534252235665917,-0.760666768997908,0.224983752239496,-0.548531554639339,-0.438913282006979,-0.278434018138796,6.283125,7.486875,4.87375,7.6275,6.416875,5.015625,752614,1,-15.46667,28.26667
"Zimbabwe","ZWE","SSA","Sub-Saharan Africa","Africa","Lower middle income",0.2737172125845,0.0727996441741667,0.0264341329653333,0.531666666666667,19099146254.0384,8.49472369899191,1370.61740243559,62.5324695384966,11.8812179159258,7.27823964666667,4.60297826925914,1.91579568865386,35.8965843780966,13886593.6666667,-1.35376671950022,-1.35393496354421,-1.34662920236588,-0.782277524471283,-1.78839617967606,-1.53086888790131,-1.32049355904261,4.89833333333333,6.25333333333333,3.31333333333333,6.095,4.83333333333333,3.99833333333333,390759,1,-17.83333,31.05
